chr1	 .trna1000	AspGTC 	172995560	172995489	  Asp 	GTC	 72 bp  Sc: 72.92
chr1	 .trna1001	GlyTCC 	172994901	172994830	  Gly 	TCC	 72 bp  Sc: 73.26
chr1	 .trna1002	GluCTC 	172994366	172994295	  Glu 	CTC	 72 bp  Sc: 76.61
chr1	 .trna1004	GlyTCC 	172968199	172968128	  Gly 	TCC	 72 bp  Sc: 73.26
chr1	 .trna1005	AspGTC 	172967231	172967160	  Asp 	GTC	 72 bp  Sc: 72.92
chr1	 .trna1006	AsnGTT 	172964146	172964073	  Asn 	GTT	 74 bp  Sc: 82.24
chr1	 .trna1022	ProCGG 	167572473	167572402	  Pro 	CGG	 72 bp  Sc: 76.52
chr1	 .trna1184	LysTTT 	134930976	134930904	  Lys 	TTT	 73 bp  Sc: 83.80
chr1	 .trna1268	LysCTT 	112801396	112801324	  Lys 	CTT	 73 bp  Sc: 58.94
chr1	 .trna1392	GlyGCC 	74863391	74863321	  Gly 	GCC	 71 bp  Sc: 74.71
chr1	 .trna1547	GluTTC 	34491728	34491657	  Glu 	TTC	 72 bp  Sc: 75.00
chr1	 .trna284	ProAGG 	78294370	78294441	  Pro 	AGG	 72 bp  Sc: 48.57
chr1	 .trna485	LysTTT 	134930539	134930611	  Lys 	TTT	 73 bp  Sc: 83.80
chr1	 .trna583	IleTAT 	155305794	155305866	  Ile 	TAT	 73 bp  Sc: 59.10
chr1	 .trna672	ProAGG 	167571765	167571836	  Pro 	AGG	 72 bp  Sc: 75.92
chr1	 .trna698	LeuCAG 	172968745	172968827	  Leu 	CAG	 83 bp  Sc: 75.90
chr1	 .trna699	GlyGCC 	172975116	172975186	  Gly 	GCC	 71 bp  Sc: 81.62
chr1	 .trna701	LeuCAG 	172996115	172996197	  Leu 	CAG	 83 bp  Sc: 77.22
chr1	 .trna702	GlyGCC 	172996762	172996832	  Gly 	GCC	 71 bp  Sc: 82.15
chr1	 .trna703	LeuCAG 	173003750	173003832	  Leu 	CAG	 83 bp  Sc: 77.22
chr1	 .trna704	GlyGCC 	173004433	173004503	  Gly 	GCC	 71 bp  Sc: 82.15
chr1	 .trna705	LeuCAG 	173011364	173011446	  Leu 	CAG	 83 bp  Sc: 77.22
chr1	 .trna706	GlyGCC 	173012007	173012077	  Gly 	GCC	 71 bp  Sc: 82.15
chr1	 .trna707	AspGTC 	173032502	173032573	  Asp 	GTC	 72 bp  Sc: 72.92
chr1	 .trna708	GlyTCC 	173032887	173032958	  Gly 	TCC	 72 bp  Sc: 73.26
chr1	 .trna709	GluCTC 	173033174	173033245	  Glu 	CTC	 72 bp  Sc: 76.61
chr1	 .trna710	ValCAC 	173041574	173041646	  Val 	CAC	 73 bp  Sc: 87.39
chr1	 .trna717	HisATG 	173599570	173599642	  His 	ATG	 73 bp  Sc: 56.65
chr1	 .trna730	ArgTCT 	175320460	175320533	  Arg 	TCT	 74 bp  Sc: 71.99
chr1	 .trna791	SerGCT 	183986139	183986220	  Ser 	GCT	 82 bp  Sc: 64.07
chr1	 .trna814	AsnGTT 	190765285	190765358	  Asn 	GTT	 74 bp  Sc: 63.48
chr1	 .trna993	LeuCAG 	173032051	173031969	  Leu 	CAG	 83 bp  Sc: 77.22
chr1	 .trna994	AspGTC 	173010809	173010738	  Asp 	GTC	 72 bp  Sc: 72.92
chr1	 .trna995	GlyTCC 	173010150	173010079	  Gly 	TCC	 72 bp  Sc: 73.26
chr1	 .trna996	GluCTC 	173009608	173009537	  Glu 	CTC	 72 bp  Sc: 76.61
chr1	 .trna997	AspGTC 	173003195	173003124	  Asp 	GTC	 72 bp  Sc: 72.92
chr1	 .trna998	GlyTCC 	173002536	173002465	  Gly 	TCC	 72 bp  Sc: 73.26
chr1	 .trna999	GluCTC 	173001994	173001923	  Glu 	CTC	 72 bp  Sc: 76.61
chr10	 .trna1095	SerTGA 	62892305	62892224	  Ser 	TGA	 82 bp  Sc: 90.86
chr10	 .trna1101	MetCAT 	62657080	62656988	  Met 	CAT	 93 bp  Sc: 53.86
chr10	 .trna1120	AlaAGC 	61853944	61853872	  Ala 	AGC	 73 bp  Sc: 53.72
chr10	 .trna1282	TrpCCA 	23496960	23496889	  Trp 	CCA	 72 bp  Sc: 66.12
chr10	 .trna1316	LeuTAA 	12642451	12642369	  Leu 	TAA	 83 bp  Sc: 77.01
chr10	 .trna381	AsnGTT 	79711904	79711977	  Asn 	GTT	 74 bp  Sc: 82.24
chr10	 .trna688	SerCGA 	127895601	127895520	  Ser 	CGA	 82 bp  Sc: 89.14
chr10	 .trna81	GluCTC 	30530946	30531017	  Glu 	CTC	 72 bp  Sc: 76.61
chr10	 .trna851	AspGTC 	92915794	92915723	  Asp 	GTC	 72 bp  Sc: 72.92
chr10	 .trna856	AspGTC 	90644913	90644842	  Asp 	GTC	 72 bp  Sc: 74.76
chr10	 .trna857	TrpCCA 	90644228	90644157	  Trp 	CCA	 72 bp  Sc: 71.65
chr10	 .trna885	LysTTT 	87292703	87292631	  Lys 	TTT	 73 bp  Sc: 61.23
chr10	 .trna961	PheGAA 	79711781	79711709	  Phe 	GAA	 73 bp  Sc: 84.19
chr10	 .trna979	AlaAGC 	77846462	77846390	  Ala 	AGC	 73 bp  Sc: 46.87
chr11	 .trna1022	ArgCCT 	115274295	115274367	  Arg 	CCT	 73 bp  Sc: 73.88
chr11	 .trna1023	ArgTCG 	115275093	115275165	  Arg 	TCG	 73 bp  Sc: 70.52
chr11	 .trna1132	MetCAT 	121825448	121825376	  Met 	CAT	 73 bp  Sc: 54.05
chr11	 .trna1203	AlaAGC 	116277365	116277293	  Ala 	AGC	 73 bp  Sc: 37.96
chr11	 .trna1234	ArgCCT 	115274690	115274618	  Arg 	CCT	 73 bp  Sc: 73.41
chr11	 .trna1432	CysGCA 	97850308	97850237	  Cys 	GCA	 72 bp  Sc: 77.71
chr11	 .trna1433	CysGCA 	97849631	97849560	  Cys 	GCA	 72 bp  Sc: 77.71
chr11	 .trna1442	CysGCA 	97660291	97660220	  Cys 	GCA	 72 bp  Sc: 77.18
chr11	 .trna1444	CysGCA 	97631214	97631143	  Cys 	GCA	 72 bp  Sc: 73.73
chr11	 .trna1446	AsnGTT 	97563836	97563763	  Asn 	GTT	 74 bp  Sc: 82.24
chr11	 .trna1493	GlnTTG 	95720557	95720486	  Gln 	TTG	 72 bp  Sc: 73.77
chr11	 .trna1752	LysCTT 	73950889	73950817	  Lys 	CTT	 73 bp  Sc: 57.68
chr11	 .trna1816	LysTTT 	68938750	68938678	  Lys 	TTT	 73 bp  Sc: 83.80
chr11	 .trna1817	GlnCTG 	68938180	68938109	  Gln 	CTG	 72 bp  Sc: 73.65
chr11	 .trna1818	ArgTCT 	68937070	68936984	  Arg 	TCT	 87 bp  Sc: 70.50
chr11	 .trna1819	GlyGCC 	68932366	68932296	  Gly 	GCC	 71 bp  Sc: 81.62
chr11	 .trna1820	TrpCCA 	68877068	68876997	  Trp 	CCA	 72 bp  Sc: 74.81
chr11	 .trna1821	SerGCT 	68876625	68876544	  Ser 	GCT	 82 bp  Sc: 85.34
chr11	 .trna1822	ThrAGT 	68876319	68876246	  Thr 	AGT	 74 bp  Sc: 84.06
chr11	 .trna1823	IleAAT 	68875895	68875822	  Ile 	AAT	 74 bp  Sc: 80.66
chr11	 .trna1824	GlyTCC 	68854851	68854780	  Gly 	TCC	 72 bp  Sc: 73.26
chr11	 .trna1849	TrpCCA 	62559588	62559517	  Trp 	CCA	 72 bp  Sc: 76.45
chr11	 .trna1880	TrpCCA 	61221489	61221418	  Trp 	CCA	 72 bp  Sc: 74.80
chr11	 .trna1911	LeuCAA 	58116082	58115976	  Leu 	CAA	 107 bp  Sc: 66.74
chr11	 .trna1912	GluCTC 	58115750	58115679	  Glu 	CTC	 72 bp  Sc: 76.61
chr11	 .trna2021	LeuAAG 	48670557	48670476	  Leu 	AAG	 82 bp  Sc: 69.84
chr11	 .trna2022	AlaTGC 	48648002	48647931	  Ala 	TGC	 72 bp  Sc: 74.45
chr11	 .trna2023	LysCTT 	48647457	48647385	  Lys 	CTT	 73 bp  Sc: 80.47
chr11	 .trna204	ValCAC 	48632044	48632116	  Val 	CAC	 73 bp  Sc: 87.39
chr11	 .trna205	GlyACC 	48637230	48637303	  Gly 	ACC	 74 bp  Sc: 76.62
chr11	 .trna206	ThrTGT 	48667121	48667193	  Thr 	TGT	 73 bp  Sc: 79.46
chr11	 .trna207	ProTGG 	48669782	48669853	  Pro 	TGG	 72 bp  Sc: 76.15
chr11	 .trna208	ValAAC 	48670139	48670211	  Val 	AAC	 73 bp  Sc: 86.79
chr11	 .trna238	AlaAGC 	51790041	51790112	  Ala 	AGC	 72 bp  Sc: 31.32
chr11	 .trna372	ProTGG 	67104641	67104712	  Pro 	TGG	 72 bp  Sc: 59.18
chr11	 .trna393	IleAAT 	68850505	68850578	  Ile 	AAT	 74 bp  Sc: 80.66
chr11	 .trna394	SerAGA 	68850979	68851060	  Ser 	AGA	 82 bp  Sc: 88.01
chr11	 .trna395	ThrAGT 	68851355	68851428	  Thr 	AGT	 74 bp  Sc: 84.06
chr11	 .trna396	ProCGG 	68853887	68853958	  Pro 	CGG	 72 bp  Sc: 76.52
chr11	 .trna397	AspGTC 	68854486	68854557	  Asp 	GTC	 72 bp  Sc: 72.92
chr11	 .trna398	TrpCCA 	68855328	68855399	  Trp 	CCA	 72 bp  Sc: 74.81
chr11	 .trna399	ThrAGT 	68923967	68924040	  Thr 	AGT	 74 bp  Sc: 81.60
chr11	 .trna400	SerCGA 	68924421	68924502	  Ser 	CGA	 82 bp  Sc: 92.09
chr11	 .trna401	LeuTAG 	68937743	68937824	  Leu 	TAG	 82 bp  Sc: 72.19
chr11	 .trna550	ThrCGT 	79518152	79518223	  Thr 	CGT	 72 bp  Sc: 79.77
chr11	 .trna630	GlnTTG 	86075670	86075741	  Gln 	TTG	 72 bp  Sc: 57.70
chr11	 .trna69	AspGTC 	7769780	7769851	  Asp 	GTC	 72 bp  Sc: 72.92
chr11	 .trna791	CysGCA 	97658386	97658457	  Cys 	GCA	 72 bp  Sc: 77.71
chr11	 .trna832	SerGGA 	100399472	100399544	  Ser 	GGA	 73 bp  Sc: 70.77
chr11	 .trna945	ArgCCG 	106874180	106874252	  Arg 	CCG	 73 bp  Sc: 65.49
chr12	 .trna470	IleAAT 	112083548	112083621	  Ile 	AAT	 74 bp  Sc: 80.66
chr12	 .trna790	LysCTT 	72070179	72070107	  Lys 	CTT	 73 bp  Sc: 80.72
chr12	 .trna886	GluCTC 	43516133	43516062	  Glu 	CTC	 72 bp  Sc: 55.25
chr13	 .trna100	IleAAT 	23488929	23489002	  Ile 	AAT	 74 bp  Sc: 79.19
chr13	 .trna1000	LysTTT 	21260016	21259944	  Lys 	TTT	 73 bp  Sc: 83.80
chr13	 .trna1001	GluCTC 	21252725	21252654	  Glu 	CTC	 72 bp  Sc: 76.61
chr13	 .trna101	TyrGTA 	23518374	23518461	  Tyr 	GTA	 88 bp  Sc: 78.12
chr13	 .trna102	AlaAGC 	23523281	23523353	  Ala 	AGC	 73 bp  Sc: 63.06
chr13	 .trna103	LysCTT 	23528209	23528281	  Lys 	CTT	 73 bp  Sc: 80.47
chr13	 .trna104	ThrAGT 	23542491	23542564	  Thr 	AGT	 74 bp  Sc: 83.05
chr13	 .trna1041	LysCTT 	4223466	4223394	  Lys 	CTT	 73 bp  Sc: 58.04
chr13	 .trna105	GluTTC 	23555404	23555475	  Glu 	TTC	 72 bp  Sc: 76.26
chr13	 .trna106	TyrGTA 	23558945	23559034	  Tyr 	GTA	 90 bp  Sc: 77.38
chr13	 .trna107	TrpCCA 	23589975	23590046	  Trp 	CCA	 72 bp  Sc: 74.00
chr13	 .trna108	MetCAT 	23591949	23592020	  Met 	CAT	 72 bp  Sc: 68.98
chr13	 .trna109	TrpCCA 	23598388	23598459	  Trp 	CCA	 72 bp  Sc: 74.00
chr13	 .trna110	GlyGCC 	23609072	23609142	  Gly 	GCC	 71 bp  Sc: 81.62
chr13	 .trna111	MetCAT 	23609561	23609632	  Met 	CAT	 72 bp  Sc: 68.98
chr13	 .trna112	SerTGA 	23610015	23610096	  Ser 	TGA	 82 bp  Sc: 88.73
chr13	 .trna113	GlnTTG 	23610919	23610990	  Gln 	TTG	 72 bp  Sc: 68.31
chr13	 .trna114	GlnTTG 	23611482	23611553	  Gln 	TTG	 72 bp  Sc: 68.31
chr13	 .trna115	SerGCT 	23613739	23613820	  Ser 	GCT	 82 bp  Sc: 85.34
chr13	 .trna60	PheGAA 	21253274	21253346	  Phe 	GAA	 73 bp  Sc: 84.19
chr13	 .trna61	MetCAT 	21259473	21259545	  Met 	CAT	 73 bp  Sc: 76.58
chr13	 .trna62	LeuAAG 	21261905	21261986	  Leu 	AAG	 82 bp  Sc: 69.84
chr13	 .trna63	LeuAAG 	21262075	21262156	  Leu 	AAG	 82 bp  Sc: 68.58
chr13	 .trna64	GlnCTG 	21264220	21264291	  Gln 	CTG	 72 bp  Sc: 73.65
chr13	 .trna65	LeuCAA 	21292073	21292177	  Leu 	CAA	 105 bp  Sc: 68.92
chr13	 .trna66	AlaAGC 	21314455	21314526	  Ala 	AGC	 72 bp  Sc: 77.18
chr13	 .trna67	AlaAGC 	21325914	21325985	  Ala 	AGC	 72 bp  Sc: 77.18
chr13	 .trna68	AlaTGC 	21332814	21332885	  Ala 	TGC	 72 bp  Sc: 79.65
chr13	 .trna69	AlaAGC 	21334439	21334510	  Ala 	AGC	 72 bp  Sc: 77.42
chr13	 .trna70	AlaCGC 	21346089	21346160	  Ala 	CGC	 72 bp  Sc: 74.81
chr13	 .trna71	AlaAGC 	21351637	21351708	  Ala 	AGC	 72 bp  Sc: 81.40
chr13	 .trna72	ThrCGT 	21356449	21356522	  Thr 	CGT	 74 bp  Sc: 78.56
chr13	 .trna73	ThrTGT 	21367825	21367898	  Thr 	TGT	 74 bp  Sc: 85.34
chr13	 .trna74	ArgTCG 	21371565	21371637	  Arg 	TCG	 73 bp  Sc: 69.08
chr13	 .trna75	ThrCGT 	21414682	21414755	  Thr 	CGT	 74 bp  Sc: 80.32
chr13	 .trna77	GlyGCC 	21802449	21802519	  Gly 	GCC	 71 bp  Sc: 81.62
chr13	 .trna78	MetCAT 	21802863	21802934	  Met 	CAT	 72 bp  Sc: 68.98
chr13	 .trna79	SupTTA 	21887668	21887750	  Sup 	TTA	 83 bp  Sc: 66.56
chr13	 .trna81	ThrAGT 	21947890	21947963	  Thr 	AGT	 74 bp  Sc: 81.31
chr13	 .trna82	MetCAT 	21998980	21999051	  Met 	CAT	 72 bp  Sc: 62.33
chr13	 .trna83	LysTTT 	21999809	21999881	  Lys 	TTT	 73 bp  Sc: 83.31
chr13	 .trna84	AspGTC 	22003182	22003253	  Asp 	GTC	 72 bp  Sc: 72.92
chr13	 .trna85	LeuCAA 	22006707	22006812	  Leu 	CAA	 106 bp  Sc: 66.25
chr13	 .trna86	SerAGA 	22011084	22011165	  Ser 	AGA	 82 bp  Sc: 88.01
chr13	 .trna87	GlnCTG 	22012069	22012140	  Gln 	CTG	 72 bp  Sc: 75.58
chr13	 .trna88	SerAGA 	22019726	22019807	  Ser 	AGA	 82 bp  Sc: 88.01
chr13	 .trna89	LysTTT 	22063657	22063729	  Lys 	TTT	 73 bp  Sc: 78.73
chr13	 .trna90	MetCAT 	22066901	22066972	  Met 	CAT	 72 bp  Sc: 68.98
chr13	 .trna91	ValCAC 	22118417	22118489	  Val 	CAC	 73 bp  Sc: 87.39
chr13	 .trna92	IleAAT 	22121092	22121165	  Ile 	AAT	 74 bp  Sc: 80.66
chr13	 .trna93	ValAAC 	23377270	23377342	  Val 	AAC	 73 bp  Sc: 85.09
chr13	 .trna94	AlaAGC 	23377518	23377590	  Ala 	AGC	 73 bp  Sc: 62.18
chr13	 .trna947	MetCAT 	23622288	23622217	  Met 	CAT	 72 bp  Sc: 68.98
chr13	 .trna948	ArgTCG 	23618397	23618325	  Arg 	TCG	 73 bp  Sc: 67.10
chr13	 .trna949	ArgTCG 	23595921	23595849	  Arg 	TCG	 73 bp  Sc: 69.08
chr13	 .trna95	ValAAC 	23390650	23390722	  Val 	AAC	 73 bp  Sc: 85.92
chr13	 .trna950	SerAGA 	23592907	23592826	  Ser 	AGA	 82 bp  Sc: 88.01
chr13	 .trna951	ArgACG 	23592463	23592391	  Arg 	ACG	 73 bp  Sc: 72.37
chr13	 .trna952	LeuCAG 	23545383	23545301	  Leu 	CAG	 83 bp  Sc: 77.22
chr13	 .trna953	ArgACG 	23538733	23538661	  Arg 	ACG	 73 bp  Sc: 72.37
chr13	 .trna954	ValCAC 	23538083	23538011	  Val 	CAC	 73 bp  Sc: 87.39
chr13	 .trna955	AlaCGC 	23530637	23530566	  Ala 	CGC	 72 bp  Sc: 74.81
chr13	 .trna956	IleAAT 	23530051	23529978	  Ile 	AAT	 74 bp  Sc: 80.66
chr13	 .trna957	ProAGG 	23528934	23528863	  Pro 	AGG	 72 bp  Sc: 75.92
chr13	 .trna958	TyrGTA 	23524946	23524859	  Tyr 	GTA	 88 bp  Sc: 78.61
chr13	 .trna959	TyrGTA 	23520695	23520607	  Tyr 	GTA	 89 bp  Sc: 65.73
chr13	 .trna96	AlaAGC 	23390930	23391002	  Ala 	AGC	 73 bp  Sc: 62.18
chr13	 .trna960	TyrGTA 	23519049	23518964	  Tyr 	GTA	 86 bp  Sc: 78.99
chr13	 .trna961	TyrGTA 	23517603	23517515	  Tyr 	GTA	 89 bp  Sc: 79.16
chr13	 .trna962	ValAAC 	23505189	23505117	  Val 	AAC	 73 bp  Sc: 85.09
chr13	 .trna963	AlaAGC 	23504882	23504810	  Ala 	AGC	 73 bp  Sc: 56.23
chr13	 .trna964	ValCAC 	23504018	23503946	  Val 	CAC	 73 bp  Sc: 69.25
chr13	 .trna965	ValAAC 	23493014	23492942	  Val 	AAC	 73 bp  Sc: 84.35
chr13	 .trna966	AlaAGC 	23492736	23492664	  Ala 	AGC	 73 bp  Sc: 62.18
chr13	 .trna968	IleAAT 	23400994	23400921	  Ile 	AAT	 74 bp  Sc: 80.66
chr13	 .trna969	IleTAT 	23362385	23362290	  Ile 	TAT	 96 bp  Sc: 66.21
chr13	 .trna97	ValCAC 	23391991	23392063	  Val 	CAC	 73 bp  Sc: 84.96
chr13	 .trna970	SerGCT 	22142636	22142555	  Ser 	GCT	 82 bp  Sc: 85.34
chr13	 .trna971	ThrAGT 	22122042	22121969	  Thr 	AGT	 74 bp  Sc: 79.48
chr13	 .trna972	SerCGA 	22114369	22114288	  Ser 	CGA	 82 bp  Sc: 86.89
chr13	 .trna973	ArgACG 	22113085	22113013	  Arg 	ACG	 73 bp  Sc: 68.07
chr13	 .trna974	ValAAC 	22107732	22107660	  Val 	AAC	 73 bp  Sc: 85.07
chr13	 .trna975	GlnCTG 	22088521	22088450	  Gln 	CTG	 72 bp  Sc: 63.63
chr13	 .trna976	SerGCT 	22086140	22086059	  Ser 	GCT	 82 bp  Sc: 86.80
chr13	 .trna978	SerAGA 	22032864	22032783	  Ser 	AGA	 82 bp  Sc: 88.01
chr13	 .trna979	AspGTC 	22032259	22032188	  Asp 	GTC	 72 bp  Sc: 72.92
chr13	 .trna98	ValCAC 	23399498	23399570	  Val 	CAC	 73 bp  Sc: 87.78
chr13	 .trna980	SerAGA 	22029044	22028963	  Ser 	AGA	 82 bp  Sc: 88.50
chr13	 .trna981	AspGTC 	22027437	22027366	  Asp 	GTC	 72 bp  Sc: 72.92
chr13	 .trna982	GlnCTG 	22025901	22025830	  Gln 	CTG	 72 bp  Sc: 73.65
chr13	 .trna983	MetCAT 	22023109	22023038	  Met 	CAT	 72 bp  Sc: 68.98
chr13	 .trna984	SerTGA 	22016885	22016804	  Ser 	TGA	 82 bp  Sc: 88.73
chr13	 .trna985	ArgTCT 	22009116	22009031	  Arg 	TCT	 86 bp  Sc: 71.21
chr13	 .trna987	IleTAT 	21988900	21988807	  Ile 	TAT	 94 bp  Sc: 67.58
chr13	 .trna988	PheGAA 	21974826	21974754	  Phe 	GAA	 73 bp  Sc: 82.45
chr13	 .trna989	IleAAT 	21973975	21973902	  Ile 	AAT	 74 bp  Sc: 80.66
chr13	 .trna99	MetCAT 	23409335	23409407	  Met 	CAT	 73 bp  Sc: 74.21
chr13	 .trna990	IleAAT 	21947262	21947189	  Ile 	AAT	 74 bp  Sc: 80.66
chr13	 .trna991	LeuTAA 	21939973	21939891	  Leu 	TAA	 83 bp  Sc: 73.91
chr13	 .trna992	SerGCT 	21584795	21584714	  Ser 	GCT	 82 bp  Sc: 84.39
chr13	 .trna994	MetCAT 	21418658	21418586	  Met 	CAT	 73 bp  Sc: 75.13
chr13	 .trna995	GlnTTG 	21360409	21360338	  Gln 	TTG	 72 bp  Sc: 65.84
chr13	 .trna996	ThrAGT 	21341136	21341063	  Thr 	AGT	 74 bp  Sc: 80.06
chr13	 .trna997	ArgCCG 	21307399	21307327	  Arg 	CCG	 73 bp  Sc: 69.88
chr13	 .trna998	LeuCAA 	21264811	21264706	  Leu 	CAA	 106 bp  Sc: 71.76
chr13	 .trna999	MetCAT 	21261628	21261556	  Met 	CAT	 73 bp  Sc: 76.58
chr14	 .trna188	LeuAAG 	51683558	51683639	  Leu 	AAG	 82 bp  Sc: 69.84
chr14	 .trna190	ThrTGT 	51708325	51708397	  Thr 	TGT	 73 bp  Sc: 78.79
chr14	 .trna191	TyrGTA 	51709164	51709253	  Tyr 	GTA	 90 bp  Sc: 74.14
chr14	 .trna192	ProTGG 	51710322	51710393	  Pro 	TGG	 72 bp  Sc: 76.15
chr14	 .trna209	ArgACG 	55136533	55136605	  Arg 	ACG	 73 bp  Sc: 72.37
chr14	 .trna347	GluTTC 	76552581	76552652	  Glu 	TTC	 72 bp  Sc: 76.26
chr14	 .trna359	GluTTC 	79881475	79881546	  Glu 	TTC	 72 bp  Sc: 75.00
chr14	 .trna457	PheGAA 	118488819	118488747	  Phe 	GAA	 73 bp  Sc: 84.19
chr14	 .trna628	ThrAGT 	59437063	59436990	  Thr 	AGT	 74 bp  Sc: 79.70
chr14	 .trna703	LeuTAG 	51702586	51702505	  Leu 	TAG	 82 bp  Sc: 70.94
chr14	 .trna704	ThrTGT 	51684915	51684843	  Thr 	TGT	 73 bp  Sc: 79.46
chr14	 .trna705	ProAGG 	51684560	51684489	  Pro 	AGG	 72 bp  Sc: 75.92
chr15	 .trna1013	AsnGTT 	16205778	16205705	  Asn 	GTT	 74 bp  Sc: 63.21
chr15	 .trna355	MetCAT 	88471962	88472034	  Met 	CAT	 73 bp  Sc: 67.55
chr15	 .trna876	MetCAT 	69227124	69227053	  Met 	CAT	 72 bp  Sc: 62.68
chr15	 .trna913	MetCAT 	57807610	57807538	  Met 	CAT	 73 bp  Sc: 79.85
chr16	 .trna267	LysCTT 	47250659	47250731	  Lys 	CTT	 73 bp  Sc: 50.60
chr16	 .trna315	IleAAT 	75434424	75434497	  Ile 	AAT	 74 bp  Sc: 65.75
chr16	 .trna4	LeuAAG 	3449838	3449909	  Leu 	AAG	 72 bp  Sc: 32.73
chr16	 .trna50	ThrCGT 	13437416	13437487	  Thr 	CGT	 72 bp  Sc: 80.42
chr16	 .trna76	LysCTT 	16854357	16854429	  Lys 	CTT	 73 bp  Sc: 54.97
chr16	 .trna829	LeuAAG 	3012080	3012009	  Leu 	AAG	 72 bp  Sc: 32.73
chr17	 .trna1000	LysCTT 	23672371	23672299	  Lys 	CTT	 73 bp  Sc: 80.47
chr17	 .trna113	GlyCCC 	26012033	26012103	  Gly 	CCC	 71 bp  Sc: 76.98
chr17	 .trna392	ValCAC 	59208131	59208203	  Val 	CAC	 73 bp  Sc: 71.41
chr17	 .trna458	CysGCA 	71948611	71948682	  Cys 	GCA	 72 bp  Sc: 77.65
chr17	 .trna516	IleTAT 	84261284	84261376	  Ile 	TAT	 93 bp  Sc: 68.11
chr17	 .trna720	GluCTC 	56231495	56231424	  Glu 	CTC	 72 bp  Sc: 68.96
chr17	 .trna82	LysCTT 	23670929	23671001	  Lys 	CTT	 73 bp  Sc: 80.47
chr17	 .trna83	ProCGG 	23677882	23677953	  Pro 	CGG	 72 bp  Sc: 76.52
chr17	 .trna84	LysCTT 	23684327	23684399	  Lys 	CTT	 73 bp  Sc: 80.47
chr17	 .trna994	ArgCCG 	23687302	23687230	  Arg 	CCG	 73 bp  Sc: 68.22
chr17	 .trna995	ArgCCT 	23685807	23685735	  Arg 	CCT	 73 bp  Sc: 71.53
chr17	 .trna996	ProTGG 	23683514	23683443	  Pro 	TGG	 72 bp  Sc: 76.15
chr17	 .trna998	ProTGG 	23675804	23675733	  Pro 	TGG	 72 bp  Sc: 52.48
chr18	 .trna633	ThrCGT 	46446154	46446083	  Thr 	CGT	 72 bp  Sc: 26.36
chr19	 .trna106	PheGAA 	12076726	12076798	  Phe 	GAA	 73 bp  Sc: 84.19
chr19	 .trna107	LysTTT 	12080529	12080601	  Lys 	TTT	 73 bp  Sc: 83.80
chr19	 .trna108	PheGAA 	12083035	12083107	  Phe 	GAA	 73 bp  Sc: 82.59
chr19	 .trna109	ValTAC 	12086421	12086493	  Val 	TAC	 73 bp  Sc: 82.67
chr19	 .trna110	ValTAC 	12086756	12086828	  Val 	TAC	 73 bp  Sc: 82.67
chr19	 .trna2	LeuAAG 	3066556	3066627	  Leu 	AAG	 72 bp  Sc: 32.73
chr19	 .trna637	ArgTCT 	12086163	12086078	  Arg 	TCT	 86 bp  Sc: 69.22
chr19	 .trna638	LeuTAA 	12085658	12085576	  Leu 	TAA	 83 bp  Sc: 80.01
chr19	 .trna639	LysTTT 	12084258	12084186	  Lys 	TTT	 73 bp  Sc: 83.80
chr19	 .trna711	SerGCT 	5038385	5038304	  Ser 	GCT	 82 bp  Sc: 85.83
chr19	 .trna8	AlaAGC 	3576263	3576335	  Ala 	AGC	 73 bp  Sc: 58.48
chr2	 .trna1431	HisGTG 	122203170	122203099	  His 	GTG	 72 bp  Sc: 64.63
chr2	 .trna1432	HisGTG 	122201301	122201230	  His 	GTG	 72 bp  Sc: 64.63
chr2	 .trna1506	IleGAT 	118881962	118881889	  Ile 	GAT	 74 bp  Sc: 52.90
chr2	 .trna1509	SerGCT 	118872567	118872486	  Ser 	GCT	 82 bp  Sc: 86.00
chr2	 .trna1747	GlyGCC 	57034875	57034805	  Gly 	GCC	 71 bp  Sc: 81.62
chr2	 .trna1947	AsnGTT 	18508744	18508671	  Asn 	GTT	 74 bp  Sc: 82.24
chr2	 .trna263	AlaCGC 	57034489	57034560	  Ala 	CGC	 72 bp  Sc: 73.12
chr2	 .trna510	AspGTC 	113929103	113929174	  Asp 	GTC	 72 bp  Sc: 60.46
chr2	 .trna586	HisGTG 	122203704	122203775	  His 	GTG	 72 bp  Sc: 64.63
chr3	 .trna1	LysCTT 	3123740	3123812	  Lys 	CTT	 73 bp  Sc: 50.41
chr3	 .trna1026	LeuCAG 	24062029	24061947	  Leu 	CAG	 83 bp  Sc: 59.68
chr3	 .trna1040	ArgACG 	19528031	19527959	  Arg 	ACG	 73 bp  Sc: 70.76
chr3	 .trna2	LysCTT 	3149493	3149565	  Lys 	CTT	 73 bp  Sc: 62.80
chr3	 .trna27	TyrGTA 	19528355	19528447	  Tyr 	GTA	 93 bp  Sc: 70.98
chr3	 .trna28	TyrGTA 	19528782	19528870	  Tyr 	GTA	 89 bp  Sc: 73.00
chr3	 .trna282	GlyCCC 	96115177	96115247	  Gly 	CCC	 71 bp  Sc: 51.51
chr3	 .trna283	AsnGTT 	96125997	96126070	  Asn 	GTT	 74 bp  Sc: 81.15
chr3	 .trna284	ValCAC 	96136663	96136735	  Val 	CAC	 73 bp  Sc: 87.39
chr3	 .trna285	AsnGTT 	96138894	96138967	  Asn 	GTT	 74 bp  Sc: 53.72
chr3	 .trna286	GluTTC 	96150598	96150669	  Glu 	TTC	 72 bp  Sc: 72.33
chr3	 .trna287	GlyCCC 	96186834	96186904	  Gly 	CCC	 71 bp  Sc: 75.97
chr3	 .trna289	AsnGTT 	96206141	96206214	  Asn 	GTT	 74 bp  Sc: 82.24
chr3	 .trna29	AlaAGC 	19528995	19529067	  Ala 	AGC	 73 bp  Sc: 63.68
chr3	 .trna291	HisGTG 	96213992	96214063	  His 	GTG	 72 bp  Sc: 64.63
chr3	 .trna292	LysCTT 	96232158	96232230	  Lys 	CTT	 73 bp  Sc: 80.47
chr3	 .trna293	HisGTG 	96239895	96239966	  His 	GTG	 72 bp  Sc: 61.18
chr3	 .trna294	AsnGTT 	96255348	96255421	  Asn 	GTT	 74 bp  Sc: 82.24
chr3	 .trna295	HisGTG 	96256418	96256489	  His 	GTG	 72 bp  Sc: 64.63
chr3	 .trna297	GlnCTG 	96283314	96283385	  Gln 	CTG	 72 bp  Sc: 72.91
chr3	 .trna298	AsnGTT 	96301704	96301777	  Asn 	GTT	 74 bp  Sc: 82.24
chr3	 .trna303	GluCTC 	96962008	96962079	  Glu 	CTC	 72 bp  Sc: 76.61
chr3	 .trna309	GlnCTG 	97485382	97485453	  Gln 	CTG	 72 bp  Sc: 69.34
chr3	 .trna48	ValAAC 	30500192	30500264	  Val 	AAC	 73 bp  Sc: 86.79
chr3	 .trna622	GluCTC 	123602176	123602105	  Glu 	CTC	 72 bp  Sc: 42.57
chr3	 .trna628	ArgTCT 	121995950	121995866	  Arg 	TCT	 85 bp  Sc: 71.18
chr3	 .trna745	GluCTC 	96305441	96305370	  Glu 	CTC	 72 bp  Sc: 76.61
chr3	 .trna746	GlyTCC 	96305003	96304932	  Gly 	TCC	 72 bp  Sc: 73.26
chr3	 .trna747	HisGTG 	96304360	96304289	  His 	GTG	 72 bp  Sc: 64.63
chr3	 .trna748	LysCTT 	96303507	96303435	  Lys 	CTT	 73 bp  Sc: 80.47
chr3	 .trna749	HisGTG 	96267966	96267895	  His 	GTG	 72 bp  Sc: 65.06
chr3	 .trna750	AsnGTT 	96263134	96263061	  Asn 	GTT	 74 bp  Sc: 82.24
chr3	 .trna751	HisGTG 	96262064	96261993	  His 	GTG	 72 bp  Sc: 64.63
chr3	 .trna752	GlyCCC 	96228026	96227956	  Gly 	CCC	 71 bp  Sc: 76.37
chr3	 .trna753	GlnCTG 	96203053	96202982	  Gln 	CTG	 72 bp  Sc: 72.91
chr3	 .trna754	GluTTC 	96191399	96191328	  Glu 	TTC	 72 bp  Sc: 72.33
chr3	 .trna755	GlyCCC 	96155160	96155090	  Gly 	CCC	 71 bp  Sc: 75.97
chr3	 .trna756	GlnCTG 	96145150	96145079	  Gln 	CTG	 72 bp  Sc: 72.91
chr3	 .trna757	AsnGTT 	96138611	96138538	  Asn 	GTT	 74 bp  Sc: 81.41
chr3	 .trna792	MetCAT 	90279853	90279782	  Met 	CAT	 72 bp  Sc: 68.98
chr3	 .trna878	GlyGCC 	84033003	84032933	  Gly 	GCC	 71 bp  Sc: 81.62
chr3	 .trna92	ProTGG 	51162276	51162347	  Pro 	TGG	 72 bp  Sc: 76.15
chr3	 .trna928	ValCAC 	59278919	59278848	  Val 	CAC	 72 bp  Sc: 61.96
chr3	 .trna93	ProAGG 	51163329	51163400	  Pro 	AGG	 72 bp  Sc: 75.92
chr4	 .trna1183	ValAAC 	138986492	138986421	  Val 	AAC	 72 bp  Sc: 64.06
chr4	 .trna1314	GlyGCC 	132670481	132670411	  Gly 	GCC	 71 bp  Sc: 62.70
chr4	 .trna16	SerAGA 	10801211	10801292	  Ser 	AGA	 82 bp  Sc: 88.01
chr4	 .trna1697	HisGTG 	82265598	82265527	  His 	GTG	 72 bp  Sc: 64.63
chr4	 .trna62	IleAAT 	27831926	27831999	  Ile 	AAT	 74 bp  Sc: 78.27
chr4	 .trna626	AlaCGC 	131681174	131681245	  Ala 	CGC	 72 bp  Sc: 59.08
chr4	 .trna645	AlaAGC 	132071923	132071994	  Ala 	AGC	 72 bp  Sc: 56.36
chr4	 .trna67	GlyCCC 	32317225	32317295	  Gly 	CCC	 71 bp  Sc: 70.39
chr5	 .trna1043	AsnGTT 	150040650	150040577	  Asn 	GTT	 74 bp  Sc: 82.24
chr5	 .trna109	TyrGTA 	31190456	31190544	  Tyr 	GTA	 89 bp  Sc: 78.79
chr5	 .trna110	AlaAGC 	31190888	31190960	  Ala 	AGC	 73 bp  Sc: 63.68
chr5	 .trna1135	SerAGA 	144108871	144108745	  Ser 	AGA	 127 bp  Sc: 21.10
chr5	 .trna13	SeCTCA 	5627681	5627751	  SeC 	TCA	 71 bp  Sc: 53.42
chr5	 .trna1314	AspGTC 	125889457	125889386	  Asp 	GTC	 72 bp  Sc: 72.92
chr5	 .trna1315	PheGAA 	125886497	125886425	  Phe 	GAA	 73 bp  Sc: 84.19
chr5	 .trna1316	AspGTC 	125886048	125885977	  Asp 	GTC	 72 bp  Sc: 72.92
chr5	 .trna1317	AlaTGC 	125884691	125884620	  Ala 	TGC	 72 bp  Sc: 74.45
chr5	 .trna1609	AspGTC 	101421964	101421893	  Asp 	GTC	 72 bp  Sc: 59.67
chr5	 .trna1627	LysCTT 	98470181	98470109	  Lys 	CTT	 73 bp  Sc: 60.02
chr5	 .trna702	AlaTGC 	125889842	125889913	  Ala 	TGC	 72 bp  Sc: 72.71
chr6	 .trna10	ValCAC 	10050371	10050443	  Val 	CAC	 73 bp  Sc: 86.14
chr6	 .trna1005	CysGCA 	48313602	48313531	  Cys 	GCA	 72 bp  Sc: 74.20
chr6	 .trna1006	CysGCA 	48304089	48304018	  Cys 	GCA	 72 bp  Sc: 74.20
chr6	 .trna1008	CysGCA 	48299832	48299761	  Cys 	GCA	 72 bp  Sc: 74.20
chr6	 .trna1009	CysGCA 	48287161	48287090	  Cys 	GCA	 72 bp  Sc: 74.20
chr6	 .trna1010	CysGCA 	48286178	48286107	  Cys 	GCA	 72 bp  Sc: 74.20
chr6	 .trna1011	CysGCA 	48282910	48282839	  Cys 	GCA	 72 bp  Sc: 74.20
chr6	 .trna1012	CysGCA 	48263088	48263017	  Cys 	GCA	 72 bp  Sc: 74.20
chr6	 .trna1013	CysGCA 	48259777	48259706	  Cys 	GCA	 72 bp  Sc: 74.20
chr6	 .trna1014	CysGCA 	48258799	48258728	  Cys 	GCA	 72 bp  Sc: 69.30
chr6	 .trna1015	CysGCA 	48255534	48255463	  Cys 	GCA	 72 bp  Sc: 62.29
chr6	 .trna1016	CysGCA 	48249020	48248949	  Cys 	GCA	 72 bp  Sc: 74.20
chr6	 .trna1017	CysGCA 	48243077	48243006	  Cys 	GCA	 72 bp  Sc: 74.83
chr6	 .trna1018	CysGCA 	48238946	48238875	  Cys 	GCA	 72 bp  Sc: 67.15
chr6	 .trna1019	CysGCA 	48229841	48229770	  Cys 	GCA	 72 bp  Sc: 74.20
chr6	 .trna1020	CysGCA 	48228862	48228791	  Cys 	GCA	 72 bp  Sc: 58.02
chr6	 .trna1021	CysGCA 	48218528	48218457	  Cys 	GCA	 72 bp  Sc: 74.20
chr6	 .trna1022	CysGCA 	48211792	48211721	  Cys 	GCA	 72 bp  Sc: 74.20
chr6	 .trna1023	CysGCA 	48203150	48203079	  Cys 	GCA	 72 bp  Sc: 68.53
chr6	 .trna1024	CysGCA 	48202173	48202102	  Cys 	GCA	 72 bp  Sc: 74.20
chr6	 .trna1025	CysGCA 	48194386	48194315	  Cys 	GCA	 72 bp  Sc: 74.20
chr6	 .trna1026	CysGCA 	48174399	48174328	  Cys 	GCA	 72 bp  Sc: 74.25
chr6	 .trna1027	CysGCA 	48173164	48173093	  Cys 	GCA	 72 bp  Sc: 74.20
chr6	 .trna1029	CysGCA 	48159908	48159837	  Cys 	GCA	 72 bp  Sc: 74.26
chr6	 .trna1030	CysGCA 	48157521	48157450	  Cys 	GCA	 72 bp  Sc: 74.20
chr6	 .trna1031	CysGCA 	48106345	48106274	  Cys 	GCA	 72 bp  Sc: 74.20
chr6	 .trna1032	CysGCA 	48094998	48094927	  Cys 	GCA	 72 bp  Sc: 74.20
chr6	 .trna1033	CysGCA 	48090554	48090483	  Cys 	GCA	 72 bp  Sc: 58.93
chr6	 .trna1034	CysGCA 	48089580	48089509	  Cys 	GCA	 72 bp  Sc: 66.83
chr6	 .trna107	ArgCCT 	38483931	38484003	  Arg 	CCT	 73 bp  Sc: 67.28
chr6	 .trna157	CysGCA 	47928996	47929067	  Cys 	GCA	 72 bp  Sc: 77.71
chr6	 .trna161	CysGCA 	48083936	48084007	  Cys 	GCA	 72 bp  Sc: 74.20
chr6	 .trna162	CysGCA 	48093355	48093426	  Cys 	GCA	 72 bp  Sc: 67.55
chr6	 .trna163	CysGCA 	48104713	48104784	  Cys 	GCA	 72 bp  Sc: 74.20
chr6	 .trna164	CysGCA 	48110178	48110249	  Cys 	GCA	 72 bp  Sc: 74.20
chr6	 .trna166	CysGCA 	48114100	48114171	  Cys 	GCA	 72 bp  Sc: 74.20
chr6	 .trna167	CysGCA 	48136317	48136388	  Cys 	GCA	 72 bp  Sc: 62.33
chr6	 .trna168	CysGCA 	48147025	48147096	  Cys 	GCA	 72 bp  Sc: 74.20
chr6	 .trna170	CysGCA 	48155067	48155138	  Cys 	GCA	 72 bp  Sc: 55.85
chr6	 .trna171	CysGCA 	48221925	48221996	  Cys 	GCA	 72 bp  Sc: 74.20
chr6	 .trna172	CysGCA 	48223679	48223750	  Cys 	GCA	 72 bp  Sc: 74.20
chr6	 .trna173	CysGCA 	48247432	48247503	  Cys 	GCA	 72 bp  Sc: 74.20
chr6	 .trna174	CysGCA 	48252458	48252529	  Cys 	GCA	 72 bp  Sc: 60.67
chr6	 .trna175	CysGCA 	48253464	48253535	  Cys 	GCA	 72 bp  Sc: 69.62
chr6	 .trna176	CysGCA 	48261498	48261569	  Cys 	GCA	 72 bp  Sc: 66.77
chr6	 .trna177	CysGCA 	48266536	48266605	  Cys 	GCA	 70 bp  Sc: 56.48
chr6	 .trna178	CysGCA 	48267514	48267585	  Cys 	GCA	 72 bp  Sc: 74.20
chr6	 .trna179	CysGCA 	48290612	48290683	  Cys 	GCA	 72 bp  Sc: 68.50
chr6	 .trna180	CysGCA 	48291587	48291658	  Cys 	GCA	 72 bp  Sc: 60.03
chr6	 .trna181	CysGCA 	48305854	48305925	  Cys 	GCA	 72 bp  Sc: 74.20
chr6	 .trna182	CysGCA 	48306850	48306921	  Cys 	GCA	 72 bp  Sc: 66.85
chr6	 .trna317	GlyCCC 	86353887	86353957	  Gly 	CCC	 71 bp  Sc: 76.98
chr6	 .trna46	ProAGG 	29338824	29338895	  Pro 	AGG	 72 bp  Sc: 75.92
chr6	 .trna651	ValGAC 	135217866	135217793	  Val 	GAC	 74 bp  Sc: 29.47
chr7	 .trna1213	ThrAGT 	36019862	36019789	  Thr 	AGT	 74 bp  Sc: 84.06
chr7	 .trna1276	LysTTT 	29579079	29579007	  Lys 	TTT	 73 bp  Sc: 83.31
chr7	 .trna156	IleTAT 	29158018	29158112	  Ile 	TAT	 95 bp  Sc: 68.50
chr7	 .trna337	GluTTC 	65654685	65654756	  Glu 	TTC	 72 bp  Sc: 76.26
chr7	 .trna387	ArgTCG 	86611305	86611377	  Arg 	TCG	 73 bp  Sc: 76.93
chr7	 .trna441	ProTGG 	105963925	105963996	  Pro 	TGG	 72 bp  Sc: 76.24
chr7	 .trna559	LeuAAG 	128061031	128061112	  Leu 	AAG	 82 bp  Sc: 67.95
chr7	 .trna86	SeCeTCA 	19886593	19886678	  SeCe 	TCA	 86 bp  Sc: 75.67
chr7	 .trna861	LeuTAG 	127979074	127978993	  Leu 	TAG	 82 bp  Sc: 68.14
chr7	 .trna967	GluCTC 	106692481	106692410	  Glu 	CTC	 72 bp  Sc: 57.84
chr7	 .trna977	ProAGG 	105964257	105964186	  Pro 	AGG	 72 bp  Sc: 75.92
chr8	 .trna1008	LeuCAG 	97227986	97227904	  Leu 	CAG	 83 bp  Sc: 75.90
chr8	 .trna168	LeuCAG 	39276255	39276337	  Leu 	CAG	 83 bp  Sc: 69.42
chr8	 .trna317	LysTTT 	82433177	82433249	  Lys 	TTT	 73 bp  Sc: 43.91
chr8	 .trna414	LeuCAG 	97227531	97227613	  Leu 	CAG	 83 bp  Sc: 75.90
chr8	 .trna560	GlyGCC 	113586461	113586531	  Gly 	GCC	 71 bp  Sc: 73.70
chr8	 .trna783	MetCAT 	124103201	124103129	  Met 	CAT	 73 bp  Sc: 79.85
chr8	 .trna886	GlyGCC 	113155216	113155146	  Gly 	GCC	 71 bp  Sc: 81.62
chr8	 .trna887	GlyGCC 	113154523	113154453	  Gly 	GCC	 71 bp  Sc: 81.62
chr9	 .trna1035	LysCTT 	90021419	90021347	  Lys 	CTT	 73 bp  Sc: 80.72
chr9	 .trna1100	AlaAGC 	74956819	74956737	  Ala 	AGC	 83 bp  Sc: 43.22
chr9	 .trna1514	LysCTT 	14762949	14762877	  Lys 	CTT	 73 bp  Sc: 56.84
chr9	 .trna342	GlnCTG 	64585853	64585924	  Gln 	CTG	 72 bp  Sc: 73.65
chr9	 .trna592	CysGCA 	104302450	104302521	  Cys 	GCA	 72 bp  Sc: 74.20
chr9	 .trna593	CysGCA 	104306386	104306457	  Cys 	GCA	 72 bp  Sc: 77.65
chr9	 .trna783	ArgACG 	123438615	123438543	  Arg 	ACG	 73 bp  Sc: 68.07
chr9	 .trna961	GluTTC 	104311068	104310997	  Glu 	TTC	 72 bp  Sc: 76.26
chrX	 .trna159	AlaAGC 	53840716	53840788	  Ala 	AGC	 73 bp  Sc: 36.56
chrX	 .trna321	ArgCCT 	108490826	108490898	  Arg 	CCT	 73 bp  Sc: 73.41
chrX	 .trna363	AlaTGC 	132892141	132892212	  Ala 	TGC	 72 bp  Sc: 69.60
chrX	 .trna364	AlaCGC 	132902260	132902331	  Ala 	CGC	 72 bp  Sc: 63.17
chrX	 .trna366	AlaTGC 	132915286	132915357	  Ala 	TGC	 72 bp  Sc: 73.19
chrX	 .trna368	AlaTGC 	132931443	132931514	  Ala 	TGC	 72 bp  Sc: 73.19
chrX	 .trna369	AlaCGC 	132936407	132936478	  Ala 	CGC	 72 bp  Sc: 64.47
chrX	 .trna371	AlaTGC 	133088264	133088335	  Ala 	TGC	 72 bp  Sc: 71.34
chrX	 .trna372	AlaTGC 	133103785	133103856	  Ala 	TGC	 72 bp  Sc: 73.19
chrX	 .trna373	AlaCGC 	133104302	133104374	  Ala 	CGC	 73 bp  Sc: 53.00
chrX	 .trna375	AlaTGC 	133124904	133124975	  Ala 	TGC	 72 bp  Sc: 66.70
chrX	 .trna459	ValTAC 	157204042	157204114	  Val 	TAC	 73 bp  Sc: 82.67
chrX	 .trna462	LeuTAA 	157573066	157573148	  Leu 	TAA	 83 bp  Sc: 51.87
chrX	 .trna493	SerAGA 	163347746	163347665	  Ser 	AGA	 82 bp  Sc: 52.84
chrX	 .trna636	AlaCGC 	133102475	133102404	  Ala 	CGC	 72 bp  Sc: 57.36
chrX	 .trna637	AlaTGC 	132964975	132964904	  Ala 	TGC	 72 bp  Sc: 71.34
chrX	 .trna639	AlaCGC 	132930132	132930061	  Ala 	CGC	 72 bp  Sc: 64.47
chrX	 .trna640	AlaCGC 	132913976	132913905	  Ala 	CGC	 72 bp  Sc: 64.47
chrX	 .trna643	LysCTT 	132730343	132730271	  Lys 	CTT	 73 bp  Sc: 81.73
chrX	 .trna931	ProTGG 	14279813	14279742	  Pro 	TGG	 72 bp  Sc: 61.11
chrX	 .trna936	GlnTTG 	13436363	13436292	  Gln 	TTG	 72 bp  Sc: 57.25
